<?xml version="1.0" encoding="UTF-8"?><?xml-stylesheet type='text/xsl' href='_UpgradeReport_Files/UpgradeReport.xslt'?><UpgradeLog>
<Properties><Property Name="Solution" Value="seguimiento3">
</Property><Property Name="Archivo de la solución" Value="C:\Users\lourdes\Documents\Visual Studio 2010\Projects\seguimiento3\seguimiento3.sln">
</Property><Property Name="Date" Value="miércoles, 05 de septiembre de 2012">
</Property><Property Name="Time" Value="18:24:59">
</Property><Property Name="Número de registro" Value="5">
</Property></Properties><Event ErrorLevel="1" Project="CapaDeSerializacion" Source="CapaDeSerializacion\CapaDeSerializacion.vbproj" Description="La versión de destino de su proyecto es .NET Framework 2.0 ó 3.0. Si el proyecto utiliza ensamblados que requieren una versión más reciente de .NET Framework, no se podrá compilar. Puede cambiar la versión de .NET Framework haciendo clic en Propiedades en el menú del proyecto y seleccionando una nueva versión en el cuadro desplegable '.NET Framework'. (En Visual Basic, haga clic en el botón 'Opciones avanzadas del compilador...' en la pestaña Compilar).">
</Event><Event ErrorLevel="0" Project="CapaDeSerializacion" Source="CapaDeSerializacion\CapaDeSerializacion.vbproj" Description="Proyecto convertido correctamente">
</Event><Event ErrorLevel="3" Project="CapaDeSerializacion" Source="CapaDeSerializacion\CapaDeSerializacion.vbproj" Description="Converted">
</Event><Event ErrorLevel="0" Project="CapaDeSerializacion" Source="CapaDeSerializacion\CapaDeSerializacion.vbproj" Description="Examen completo: no es necesario actualizar los archivos de proyecto.">
</Event></UpgradeLog>