<?xml version="1.0" encoding="UTF-8"?><?xml-stylesheet type='text/xsl' href='_UpgradeReport_Files/UpgradeReport.xslt'?><UpgradeLog>
<Properties><Property Name="Solution" Value="seguimiento3">
</Property><Property Name="Archivo de la solución" Value="C:\Users\lourdes\Documents\Visual Studio 2010\Projects\seguimiento3\seguimiento3.sln">
</Property><Property Name="Date" Value="miércoles, 05 de septiembre de 2012">
</Property><Property Name="Time" Value="18:25:21">
</Property><Property Name="Número de registro" Value="6">
</Property></Properties><Event ErrorLevel="0" Project="CapaDeUtilidad" Source="CapaDeUtilidad\CapaDeUtilidad.csproj" Description="Proyecto convertido correctamente">
</Event><Event ErrorLevel="3" Project="CapaDeUtilidad" Source="CapaDeUtilidad\CapaDeUtilidad.csproj" Description="Converted">
</Event><Event ErrorLevel="0" Project="CapaDeUtilidad" Source="CapaDeUtilidad\CapaDeUtilidad.csproj" Description="Examen completo: no es necesario actualizar los archivos de proyecto.">
</Event></UpgradeLog>