<?xml version="1.0" encoding="UTF-8"?><?xml-stylesheet type='text/xsl' href='_UpgradeReport_Files/UpgradeReport.xslt'?><UpgradeLog>
<Properties><Property Name="Solution" Value="seguimiento3">
</Property><Property Name="Archivo de la solución" Value="C:\Users\lourdes\Documents\Visual Studio 2010\Projects\seguimiento3\seguimiento3.sln">
</Property><Property Name="Date" Value="miércoles, 05 de septiembre de 2012">
</Property><Property Name="Time" Value="18:23:34">
</Property></Properties><Event ErrorLevel="0" Project="CapaDeDatos" Source="CapaDeDatos\CapaDeDatos.csproj" Description="Se realizó correctamente la copia de seguridad del archivo de proyecto C:\Users\lourdes\Documents\Visual Studio 2010\Projects\seguimiento3\Backup\CapaDeDatos.csproj">
</Event><Event ErrorLevel="0" Project="CapaDeDatos" Source="CapaDeDatos\Acceso.cs" Description="Se realizó correctamente la copia de seguridad del archivo C:\Users\lourdes\Documents\Visual Studio 2010\Projects\seguimiento3\Backup\Acceso.cs">
</Event><Event ErrorLevel="0" Project="CapaDeDatos" Source="CapaDeDatos\AdjuntosCorrelativoDocumento.cs" Description="Se realizó correctamente la copia de seguridad del archivo C:\Users\lourdes\Documents\Visual Studio 2010\Projects\seguimiento3\Backup\AdjuntosCorrelativoDocumento.cs">
</Event><Event ErrorLevel="0" Project="CapaDeDatos" Source="CapaDeDatos\ArchivosAdjuntos.cs" Description="Se realizó correctamente la copia de seguridad del archivo C:\Users\lourdes\Documents\Visual Studio 2010\Projects\seguimiento3\Backup\ArchivosAdjuntos.cs">
</Event><Event ErrorLevel="0" Project="CapaDeDatos" Source="CapaDeDatos\Anexos.cs" Description="Se realizó correctamente la copia de seguridad del archivo C:\Users\lourdes\Documents\Visual Studio 2010\Projects\seguimiento3\Backup\Anexos.cs">
</Event><Event ErrorLevel="0" Project="CapaDeDatos" Source="CapaDeDatos\AnexosHojaRuta.cs" Description="Se realizó correctamente la copia de seguridad del archivo C:\Users\lourdes\Documents\Visual Studio 2010\Projects\seguimiento3\Backup\AnexosHojaRuta.cs">
</Event><Event ErrorLevel="0" Project="CapaDeDatos" Source="CapaDeDatos\AsignacionDeBandeja.cs" Description="Se realizó correctamente la copia de seguridad del archivo C:\Users\lourdes\Documents\Visual Studio 2010\Projects\seguimiento3\Backup\AsignacionDeBandeja.cs">
</Event><Event ErrorLevel="0" Project="CapaDeDatos" Source="CapaDeDatos\BDEntidades.cs" Description="Se realizó correctamente la copia de seguridad del archivo C:\Users\lourdes\Documents\Visual Studio 2010\Projects\seguimiento3\Backup\BDEntidades.cs">
</Event><Event ErrorLevel="0" Project="CapaDeDatos" Source="CapaDeDatos\BDPersonal.cs" Description="Se realizó correctamente la copia de seguridad del archivo C:\Users\lourdes\Documents\Visual Studio 2010\Projects\seguimiento3\Backup\BDPersonal.cs">
</Event><Event ErrorLevel="0" Project="CapaDeDatos" Source="CapaDeDatos\CargosPersonaExterna.cs" Description="Se realizó correctamente la copia de seguridad del archivo C:\Users\lourdes\Documents\Visual Studio 2010\Projects\seguimiento3\Backup\CargosPersonaExterna.cs">
</Event><Event ErrorLevel="0" Project="CapaDeDatos" Source="CapaDeDatos\CodigoDocumento.cs" Description="Se realizó correctamente la copia de seguridad del archivo C:\Users\lourdes\Documents\Visual Studio 2010\Projects\seguimiento3\Backup\CodigoDocumento.cs">
</Event><Event ErrorLevel="0" Project="CapaDeDatos" Source="CapaDeDatos\CorrelativoHR.cs" Description="Se realizó correctamente la copia de seguridad del archivo C:\Users\lourdes\Documents\Visual Studio 2010\Projects\seguimiento3\Backup\CorrelativoHR.cs">
</Event><Event ErrorLevel="0" Project="CapaDeDatos" Source="CapaDeDatos\DerivacionHRDestinatario.cs" Description="Se realizó correctamente la copia de seguridad del archivo C:\Users\lourdes\Documents\Visual Studio 2010\Projects\seguimiento3\Backup\DerivacionHRDestinatario.cs">
</Event><Event ErrorLevel="0" Project="CapaDeDatos" Source="CapaDeDatos\DerivacionHRGrupo.cs" Description="Se realizó correctamente la copia de seguridad del archivo C:\Users\lourdes\Documents\Visual Studio 2010\Projects\seguimiento3\Backup\DerivacionHRGrupo.cs">
</Event><Event ErrorLevel="0" Project="CapaDeDatos" Source="CapaDeDatos\DerivacionHRRemitente.cs" Description="Se realizó correctamente la copia de seguridad del archivo C:\Users\lourdes\Documents\Visual Studio 2010\Projects\seguimiento3\Backup\DerivacionHRRemitente.cs">
</Event><Event ErrorLevel="0" Project="CapaDeDatos" Source="CapaDeDatos\DocumentoRemitente.cs" Description="Se realizó correctamente la copia de seguridad del archivo C:\Users\lourdes\Documents\Visual Studio 2010\Projects\seguimiento3\Backup\DocumentoRemitente.cs">
</Event><Event ErrorLevel="0" Project="CapaDeDatos" Source="CapaDeDatos\DocumentoDestinatario.cs" Description="Se realizó correctamente la copia de seguridad del archivo C:\Users\lourdes\Documents\Visual Studio 2010\Projects\seguimiento3\Backup\DocumentoDestinatario.cs">
</Event><Event ErrorLevel="0" Project="CapaDeDatos" Source="CapaDeDatos\DocumentoPorViaDe.cs" Description="Se realizó correctamente la copia de seguridad del archivo C:\Users\lourdes\Documents\Visual Studio 2010\Projects\seguimiento3\Backup\DocumentoPorViaDe.cs">
</Event><Event ErrorLevel="0" Project="CapaDeDatos" Source="CapaDeDatos\EstadoHR.cs" Description="Se realizó correctamente la copia de seguridad del archivo C:\Users\lourdes\Documents\Visual Studio 2010\Projects\seguimiento3\Backup\EstadoHR.cs">
</Event><Event ErrorLevel="0" Project="CapaDeDatos" Source="CapaDeDatos\DerivacionHR.cs" Description="Se realizó correctamente la copia de seguridad del archivo C:\Users\lourdes\Documents\Visual Studio 2010\Projects\seguimiento3\Backup\DerivacionHR.cs">
</Event><Event ErrorLevel="0" Project="CapaDeDatos" Source="CapaDeDatos\DerivacionInstruccion.cs" Description="Se realizó correctamente la copia de seguridad del archivo C:\Users\lourdes\Documents\Visual Studio 2010\Projects\seguimiento3\Backup\DerivacionInstruccion.cs">
</Event><Event ErrorLevel="0" Project="CapaDeDatos" Source="CapaDeDatos\FirmaPersona.cs" Description="Se realizó correctamente la copia de seguridad del archivo C:\Users\lourdes\Documents\Visual Studio 2010\Projects\seguimiento3\Backup\FirmaPersona.cs">
</Event><Event ErrorLevel="0" Project="CapaDeDatos" Source="CapaDeDatos\Grupos.cs" Description="Se realizó correctamente la copia de seguridad del archivo C:\Users\lourdes\Documents\Visual Studio 2010\Projects\seguimiento3\Backup\Grupos.cs">
</Event><Event ErrorLevel="0" Project="CapaDeDatos" Source="CapaDeDatos\GrupoUsuario.cs" Description="Se realizó correctamente la copia de seguridad del archivo C:\Users\lourdes\Documents\Visual Studio 2010\Projects\seguimiento3\Backup\GrupoUsuario.cs">
</Event><Event ErrorLevel="0" Project="CapaDeDatos" Source="CapaDeDatos\HojaRuta.cs" Description="Se realizó correctamente la copia de seguridad del archivo C:\Users\lourdes\Documents\Visual Studio 2010\Projects\seguimiento3\Backup\HojaRuta.cs">
</Event><Event ErrorLevel="0" Project="CapaDeDatos" Source="CapaDeDatos\HojaRutaAdjuntos.cs" Description="Se realizó correctamente la copia de seguridad del archivo C:\Users\lourdes\Documents\Visual Studio 2010\Projects\seguimiento3\Backup\HojaRutaAdjuntos.cs">
</Event><Event ErrorLevel="0" Project="CapaDeDatos" Source="CapaDeDatos\HojaRutaAnuladas.cs" Description="Se realizó correctamente la copia de seguridad del archivo C:\Users\lourdes\Documents\Visual Studio 2010\Projects\seguimiento3\Backup\HojaRutaAnuladas.cs">
</Event><Event ErrorLevel="0" Project="CapaDeDatos" Source="CapaDeDatos\HojaRutaCambiosDeEstado.cs" Description="Se realizó correctamente la copia de seguridad del archivo C:\Users\lourdes\Documents\Visual Studio 2010\Projects\seguimiento3\Backup\HojaRutaCambiosDeEstado.cs">
</Event><Event ErrorLevel="0" Project="CapaDeDatos" Source="CapaDeDatos\HojaRutaRelacionadas.cs" Description="Se realizó correctamente la copia de seguridad del archivo C:\Users\lourdes\Documents\Visual Studio 2010\Projects\seguimiento3\Backup\HojaRutaRelacionadas.cs">
</Event><Event ErrorLevel="0" Project="CapaDeDatos" Source="CapaDeDatos\NetJSON.cs" Description="Se realizó correctamente la copia de seguridad del archivo C:\Users\lourdes\Documents\Visual Studio 2010\Projects\seguimiento3\Backup\NetJSON.cs">
</Event><Event ErrorLevel="0" Project="CapaDeDatos" Source="CapaDeDatos\MenuHR.cs" Description="Se realizó correctamente la copia de seguridad del archivo C:\Users\lourdes\Documents\Visual Studio 2010\Projects\seguimiento3\Backup\MenuHR.cs">
</Event><Event ErrorLevel="0" Project="CapaDeDatos" Source="CapaDeDatos\MenuRolPrivilegio.cs" Description="Se realizó correctamente la copia de seguridad del archivo C:\Users\lourdes\Documents\Visual Studio 2010\Projects\seguimiento3\Backup\MenuRolPrivilegio.cs">
</Event><Event ErrorLevel="0" Project="CapaDeDatos" Source="CapaDeDatos\PersonaNaturalExterna.cs" Description="Se realizó correctamente la copia de seguridad del archivo C:\Users\lourdes\Documents\Visual Studio 2010\Projects\seguimiento3\Backup\PersonaNaturalExterna.cs">
</Event><Event ErrorLevel="0" Project="CapaDeDatos" Source="CapaDeDatos\RemitenteHR.cs" Description="Se realizó correctamente la copia de seguridad del archivo C:\Users\lourdes\Documents\Visual Studio 2010\Projects\seguimiento3\Backup\RemitenteHR.cs">
</Event><Event ErrorLevel="0" Project="CapaDeDatos" Source="CapaDeDatos\ResponsableDeCreacion.cs" Description="Se realizó correctamente la copia de seguridad del archivo C:\Users\lourdes\Documents\Visual Studio 2010\Projects\seguimiento3\Backup\ResponsableDeCreacion.cs">
</Event><Event ErrorLevel="0" Project="CapaDeDatos" Source="CapaDeDatos\Rol.cs" Description="Se realizó correctamente la copia de seguridad del archivo C:\Users\lourdes\Documents\Visual Studio 2010\Projects\seguimiento3\Backup\Rol.cs">
</Event><Event ErrorLevel="0" Project="CapaDeDatos" Source="CapaDeDatos\SalidasHojaRuta.cs" Description="Se realizó correctamente la copia de seguridad del archivo C:\Users\lourdes\Documents\Visual Studio 2010\Projects\seguimiento3\Backup\SalidasHojaRuta.cs">
</Event><Event ErrorLevel="0" Project="CapaDeDatos" Source="CapaDeDatos\Sesion.cs" Description="Se realizó correctamente la copia de seguridad del archivo C:\Users\lourdes\Documents\Visual Studio 2010\Projects\seguimiento3\Backup\Sesion.cs">
</Event><Event ErrorLevel="0" Project="CapaDeDatos" Source="CapaDeDatos\TipoInstruccion.cs" Description="Se realizó correctamente la copia de seguridad del archivo C:\Users\lourdes\Documents\Visual Studio 2010\Projects\seguimiento3\Backup\TipoInstruccion.cs">
</Event><Event ErrorLevel="0" Project="CapaDeDatos" Source="CapaDeDatos\Properties\AssemblyInfo.cs" Description="Se realizó correctamente la copia de seguridad del archivo C:\Users\lourdes\Documents\Visual Studio 2010\Projects\seguimiento3\Backup\Properties\AssemblyInfo.cs">
</Event><Event ErrorLevel="0" Project="CapaDeDatos" Source="CapaDeDatos\TipoDocumento.cs" Description="Se realizó correctamente la copia de seguridad del archivo C:\Users\lourdes\Documents\Visual Studio 2010\Projects\seguimiento3\Backup\TipoDocumento.cs">
</Event><Event ErrorLevel="0" Project="CapaDeDatos" Source="CapaDeDatos\TipoHojaRuta.cs" Description="Se realizó correctamente la copia de seguridad del archivo C:\Users\lourdes\Documents\Visual Studio 2010\Projects\seguimiento3\Backup\TipoHojaRuta.cs">
</Event><Event ErrorLevel="0" Project="CapaDeDatos" Source="CapaDeDatos\Usuarios.cs" Description="Se realizó correctamente la copia de seguridad del archivo C:\Users\lourdes\Documents\Visual Studio 2010\Projects\seguimiento3\Backup\Usuarios.cs">
</Event><Event ErrorLevel="0" Project="CapaDeDatos" Source="CapaDeDatos\ClassDiagram1.cd" Description="Se realizó correctamente la copia de seguridad del archivo C:\Users\lourdes\Documents\Visual Studio 2010\Projects\seguimiento3\Backup\ClassDiagram1.cd">
</Event><Event ErrorLevel="0" Project="CapaDeDatos" Source="CapaDeDatos\CapaDeDatos.csproj" Description="Proyecto convertido correctamente">
</Event><Event ErrorLevel="3" Project="CapaDeDatos" Source="CapaDeDatos\CapaDeDatos.csproj" Description="Converted">
</Event><Event ErrorLevel="0" Project="CapaDeDatos" Source="CapaDeDatos\CapaDeDatos.csproj" Description="Examen completo: no es necesario actualizar los archivos de proyecto.">
</Event></UpgradeLog>